{"l_g": 1.1371546983718872, "l_d": 2.200005292892456, "l_t": 0.26030534505844116, "l_f": 6.908762770763133e-06, "l_w": 71.77543640136719, "l_feat": 0.30729180574417114, "tr_entropy": 1799.6861572265625, "_timestamp": 1680719637.645378, "_runtime": 120.61932921409607, "_step": 3, "val_l_t": 0.25638341903686523, "sdr_tt": 6.324151039123535, "val_entropy": 1636.0782470703125, "_wandb": {"runtime": 126}}