{"l_g": 1.5269356966018677, "l_d": 0.32352572679519653, "l_t": 0.3227432668209076, "l_f": 3.431617733440362e-05, "l_w": 24.074819564819336, "l_feat": 0.63580721616745, "_timestamp": 1681233383.7378914, "_runtime": 3570.3485004901886, "_step": 53, "val_l_t": 0.307378351688385, "sdr_tt": 5.362495422363281, "_wandb": {"runtime": 3588}}