{"l_g": Infinity, "l_d": Infinity, "l_t": Infinity, "l_f": Infinity, "l_w": Infinity, "l_feat": Infinity, "tr_entropy": Infinity, "_timestamp": 1680717528.2034194, "_runtime": 58.54993653297424, "_step": 1, "val_l_t": 0.2466079592704773, "sdr_tt": 6.4820685386657715, "val_entropy": 1636.0782470703125, "_wandb": {"runtime": 58}}