{"l_g": Infinity, "l_d": Infinity, "l_t": Infinity, "l_f": Infinity, "l_w": Infinity, "l_feat": Infinity, "tr_entropy": Infinity, "_timestamp": 1680719253.2431893, "_runtime": 55.386420249938965, "_step": 1, "val_l_t": 0.25419485569000244, "sdr_tt": 6.444297790527344, "val_entropy": 1636.0782470703125, "_wandb": {"runtime": 61}}