{"l_g": 1.5544631481170654, "l_d": 0.3398800790309906, "l_t": 0.36090078949928284, "l_f": 3.758964521693997e-05, "l_w": 97.43718719482422, "l_feat": 0.6886131763458252, "_timestamp": 1681319429.4917133, "_runtime": 128.67173838615417, "_step": 3, "val_l_t": 0.38201195001602173, "sdr_tt": 4.311609268188477, "_wandb": {"runtime": 172}}