{"l_g": 1.7265487909317017, "l_d": 0.1440044790506363, "l_t": 0.2645285725593567, "l_f": 1.590831197972875e-05, "l_w": 57.74333190917969, "l_feat": 0.5502871870994568, "_timestamp": 1681481126.7737544, "_runtime": 76112.26985931396, "_step": 1792, "val_l_t": 0.29858699440956116, "sdr_tt": 5.282975196838379}