{"l_g": 1.7940635681152344, "l_d": 0.268968790769577, "l_t": 0.2912164628505707, "l_f": 1.856463677540887e-05, "l_w": 59.674537658691406, "l_feat": 0.5675832629203796, "_timestamp": 1681481136.9727485, "_runtime": 76161.48775148392, "_step": 1770, "val_l_t": 0.30680739879608154, "sdr_tt": 4.979221343994141}