{"l_g": 0.9995988011360168, "l_d": 2.200770139694214, "l_t": 548.11181640625, "l_f": 42.09087371826172, "l_w": 15683040.0, "l_feat": 0.6803122162818909, "tr_entropy": 1636.0782470703125, "_timestamp": 1680887275.832039, "_runtime": 110.68587517738342, "_step": 4, "val_l_t": 887.5707397460938, "sdr_tt": 3.5158238410949707, "val_entropy": 1636.0782470703125, "_wandb": {"runtime": 122}}