{"l_g": 1.4454960823059082, "l_d": 0.3595702052116394, "l_t": 0.241765096783638, "l_f": 8.629070180177223e-06, "l_w": 93.89588928222656, "l_feat": 0.4765550494194031, "_timestamp": 1681234853.9096463, "_runtime": 1269.5076742172241, "_step": 18, "val_l_t": 0.23495610058307648, "sdr_tt": 6.7464165687561035, "_wandb": {"runtime": 1278}}