{"l_g": Infinity, "l_d": Infinity, "l_t": Infinity, "l_f": Infinity, "l_w": Infinity, "l_feat": Infinity, "tr_entropy": Infinity, "_timestamp": 1680719437.9593499, "_runtime": 56.34967088699341, "_step": 1, "val_l_t": 0.24871104955673218, "sdr_tt": 6.432765007019043, "val_entropy": 1636.0782470703125, "_wandb": {"runtime": 56}}