{"l_g": Infinity, "l_d": Infinity, "l_t": Infinity, "l_f": Infinity, "l_w": Infinity, "l_feat": Infinity, "tr_entropy": Infinity, "_timestamp": 1680715576.0765488, "_runtime": 59.72473978996277, "_step": 1, "val_l_t": 0.25165680050849915, "sdr_tt": 6.4687933921813965, "val_entropy": 1636.0782470703125, "_wandb": {"runtime": 60}}