{"l_g": 7.854435920715332, "l_d": 0.0744239091873169, "l_t": 0.0020316734444350004, "l_f": 1.803296001412491e-08, "l_w": 0.07888425141572952, "l_feat": 0.7202123999595642, "tr_entropy": 1636.0775146484375, "_timestamp": 1681134855.3518116, "_runtime": 154492.63559770584, "_step": 531, "val_l_t": 0.0019358198624104261, "sdr_tt": 1.7432259321212769, "val_entropy": 1636.0782470703125, "_wandb": {"runtime": 154815}}