{"l_g": 1.5699321031570435, "l_d": 0.32370635867118835, "l_t": 0.31375154852867126, "l_f": 3.158575782435946e-05, "l_w": 39.24629592895508, "l_feat": 0.6337786316871643, "_timestamp": 1681317948.6675022, "_runtime": 2408.5312292575836, "_step": 39, "val_l_t": 0.33306026458740234, "sdr_tt": 5.205306529998779, "_wandb": {"runtime": 2430}}