{"l_g": 2.434704542160034, "l_d": 0.9383490681648254, "l_t": 0.3447866439819336, "l_f": 1.8648701370693743e-05, "l_w": 52.96678161621094, "l_feat": 0.5453550815582275, "tr_entropy": 1636.0775146484375, "_timestamp": 1681135183.3975947, "_runtime": 154875.13473463058, "_step": 591, "val_l_t": 0.37911126017570496, "sdr_tt": 3.7156431674957275, "val_entropy": 1636.0782470703125, "_wandb": {"runtime": 154875}}