{"l_g": Infinity, "l_d": Infinity, "l_t": Infinity, "l_f": Infinity, "l_w": Infinity, "l_feat": Infinity, "tr_entropy": Infinity, "_timestamp": 1680716644.3319945, "_runtime": 60.719035625457764, "_step": 1, "val_l_t": 0.24931436777114868, "sdr_tt": 6.4784135818481445, "val_entropy": 1636.0782470703125, "_wandb": {"runtime": 61}}