{"l_g": 1.7259465456008911, "l_d": 1.3512461185455322, "l_t": 0.27365219593048096, "l_f": 7.592321708216332e-06, "l_w": 57.65780258178711, "l_feat": 0.49573731422424316, "tr_entropy": 1636.0638427734375, "_timestamp": 1681226016.2903302, "_runtime": 76271.32850909233, "_step": 89, "val_l_t": 0.2588261365890503, "sdr_tt": 6.1642842292785645, "val_entropy": 1636.0782470703125, "_wandb": {"runtime": 77823}}