{"l_g": Infinity, "l_d": Infinity, "l_t": Infinity, "l_f": Infinity, "l_w": Infinity, "l_feat": Infinity, "tr_entropy": Infinity, "_timestamp": 1680719098.8808126, "_runtime": 60.21423673629761, "_step": 1, "val_l_t": 0.2507310211658478, "sdr_tt": 6.4603447914123535, "val_entropy": 1636.0782470703125, "_wandb": {"runtime": 78}}