{"l_g": 0.002342171734198928, "l_d": 0.004807506687939167, "l_t": 0.0004160328535363078, "l_f": 1.0767080560469822e-08, "l_w": 0.10905294120311737, "l_feat": 0.0009160630870610476, "tr_entropy": 3.2721567153930664, "_timestamp": 1681149100.422098, "_runtime": 48.16433787345886, "_step": 1, "val_l_t": 0.24657806754112244, "sdr_tt": 6.433102130889893, "val_entropy": 1636.0782470703125, "_wandb": {"runtime": 182}}