{"l_g": Infinity, "l_d": Infinity, "l_t": Infinity, "l_f": Infinity, "l_w": Infinity, "l_feat": Infinity, "tr_entropy": Infinity, "_timestamp": 1680715404.0035546, "_runtime": 57.90672969818115, "_step": 1, "val_l_t": 0.25201186537742615, "sdr_tt": 6.4293975830078125, "val_entropy": 1636.0782470703125, "_wandb": {"runtime": 57}}