{"l_g": 0.005027778912335634, "l_d": 0.017362451180815697, "l_t": 5.983413219451904, "l_f": 2.083566665649414, "l_w": 3678887.75, "l_feat": 0.004966286942362785, "tr_entropy": 8.180392265319824, "_timestamp": 1680887505.8782113, "_runtime": 46.33224821090698, "_step": 1, "val_l_t": 1077.00439453125, "sdr_tt": 1.866529941558838, "val_entropy": 1636.0782470703125, "_wandb": {"runtime": 92}}