{"l_g": 2.0195984840393066, "l_d": 1.1159589290618896, "l_t": 556.3369140625, "l_f": 19.69183349609375, "l_w": 89555.0078125, "l_feat": 0.5644200444221497, "tr_entropy": 1636.0775146484375, "_timestamp": 1680929730.5625675, "_runtime": 42004.54890847206, "_step": 138, "val_l_t": 653.0196533203125, "sdr_tt": 6.046774864196777, "val_entropy": 1636.0782470703125, "_wandb": {"runtime": 42006}}