{"l_g": 1.5073041915893555, "l_d": 0.18419162929058075, "l_t": 0.42640116810798645, "l_f": 6.427809421438724e-05, "l_w": 204.73143005371094, "l_feat": 0.8462989926338196, "_timestamp": 1681404895.0665095, "_runtime": 56.49881148338318, "_step": 0, "_wandb": {"runtime": 78}}