{"l_g": 0.09745583683252335, "l_d": 0.24317078292369843, "l_t": 119.66825866699219, "l_f": 41.67133331298828, "l_w": 73577752.0, "l_feat": 0.09940164536237717, "tr_entropy": 163.6078338623047, "_timestamp": 1680887403.173056, "_runtime": 5.496442794799805, "_step": 0, "_wandb": {"runtime": 8}}