{"l_g": 1.0737755298614502, "l_d": 2.1111104488372803, "l_t": 0.2433793544769287, "l_f": 6.377393219736405e-06, "l_w": 68.7435531616211, "l_feat": 0.2853628396987915, "tr_entropy": 1726.971435546875, "_timestamp": 1680715158.3616602, "_runtime": 21.87891912460327, "_step": 18, "_wandb": {"runtime": 21}}