{"l_g": Infinity, "l_d": Infinity, "l_t": Infinity, "l_f": Infinity, "l_w": Infinity, "l_feat": Infinity, "tr_entropy": Infinity, "_timestamp": 1680715841.5952728, "_runtime": 61.31543684005737, "_step": 1, "val_l_t": 0.2492014467716217, "sdr_tt": 6.4564361572265625, "val_entropy": 1636.0782470703125, "_wandb": {"runtime": 61}}