{"l_g": 1.517939567565918, "l_d": 0.3615732491016388, "l_t": 0.4254167079925537, "l_f": 6.735131319146603e-05, "l_w": 204.06796264648438, "l_feat": 0.8436617255210876, "_timestamp": 1681404878.577195, "_runtime": 78.93933987617493, "_step": 1, "val_l_t": 0.41324514150619507, "sdr_tt": 3.399984359741211, "_wandb": {"runtime": 120}}