{"l_g": 1.6560767889022827, "l_d": 0.14366497099399567, "l_t": 0.27183952927589417, "l_f": 1.7714604837237857e-05, "l_w": 22.509130477905273, "l_feat": 0.5559960007667542, "_timestamp": 1681481152.5421104, "_runtime": 75620.80556154251, "_step": 1697, "val_l_t": 0.28028425574302673, "sdr_tt": 6.109343528747559}