{"l_g": 1.2582522630691528, "l_d": 1.723537564277649, "l_t": 0.22541262209415436, "l_f": 6.0995371313765645e-06, "l_w": 37.08311080932617, "l_feat": 0.2885916233062744, "tr_entropy": 1636.0560302734375, "_timestamp": 1680797517.8303585, "_runtime": 75600.57807159424, "_step": 261, "val_l_t": 0.20574918389320374, "sdr_tt": 8.077064514160156, "val_entropy": 1636.0782470703125, "_wandb": {"runtime": 76047}}