{"l_g": 1.7220534086227417, "l_d": 1.3555651903152466, "l_t": 0.27442511916160583, "l_f": 7.681755960220471e-06, "l_w": 58.14402770996094, "l_feat": 0.4940674901008606, "tr_entropy": 1636.0638427734375, "_timestamp": 1681227261.694698, "_runtime": 77965.07814407349, "_step": 89, "val_l_t": 0.25672847032546997, "sdr_tt": 6.1400370597839355, "val_entropy": 1636.0782470703125, "_wandb": {"runtime": 78254}}