{"l_g": 1.758583426475525, "l_d": 0.258578360080719, "l_t": 0.25199228525161743, "l_f": 1.3823825611325447e-05, "l_w": 21.558338165283203, "l_feat": 0.5385815501213074, "_timestamp": 1681313898.4306083, "_runtime": 80229.02217435837, "_step": 1157, "val_l_t": 0.278414785861969, "sdr_tt": 6.1581010818481445, "_wandb": {"runtime": 80296}}