{"l_g": 2.146373748779297, "l_d": 1.0024981498718262, "l_t": 502.5956115722656, "l_f": 13.828897476196289, "l_w": 82022.03125, "l_feat": 0.5927133560180664, "tr_entropy": 1636.0775146484375, "_timestamp": 1681141747.175346, "_runtime": 253384.86717486382, "_step": 1021, "val_l_t": 672.4894409179688, "sdr_tt": 5.792444229125977, "val_entropy": 1636.0782470703125, "_wandb": {"runtime": 253661}}