{"l_g": 0.00038189542829059064, "l_d": 0.0018107426585629582, "l_t": 0.00027829804457724094, "l_f": 2.991819414432939e-08, "l_w": 0.0479370541870594, "l_feat": 0.00038463668897747993, "_timestamp": 1681229010.9707565, "_runtime": 23.42982053756714, "_step": 1, "val_l_t": 0.6457590460777283, "sdr_tt": -0.2244034856557846, "_wandb": {"runtime": 22}}