{"l_g": 9.99337387084961, "l_d": 0.0056224665604531765, "l_t": 0.002167781349271536, "l_f": 2.1093821800377555e-08, "l_w": 0.11868860572576523, "l_feat": 1.157383680343628, "tr_entropy": 1636.0775146484375, "_timestamp": 1680929461.5356205, "_runtime": 36292.91142845154, "_step": 119, "val_l_t": 0.002199289621785283, "sdr_tt": 1.0291695594787598, "val_entropy": 1636.0782470703125, "_wandb": {"runtime": 36517}}