{"l_g": 1.5897815227508545, "l_d": 0.3768603205680847, "l_t": 0.3736264109611511, "l_f": 6.273576582316309e-05, "l_w": 53.585731506347656, "l_feat": 0.7251390814781189, "_timestamp": 1681233347.2424636, "_runtime": 2101.5586025714874, "_step": 27, "val_l_t": 0.3728780746459961, "sdr_tt": 4.516308307647705, "_wandb": {"runtime": 2167}}