{"l_g": 1.5537502765655518, "l_d": 0.21171608567237854, "l_t": 0.5538774132728577, "l_f": 3.604209632612765e-05, "l_w": 38.6575927734375, "l_feat": 0.6871530413627625, "_timestamp": 1681317955.5409098, "_runtime": 2607.9486577510834, "_step": 41, "val_l_t": 0.33856064081192017, "sdr_tt": 4.88715124130249, "_wandb": {"runtime": 2612}}