{"l_g": 1.3958097696304321, "l_d": 1.810603141784668, "l_t": 0.2647457718849182, "l_f": 7.857668606447987e-06, "l_w": 72.2850570678711, "l_feat": 0.3322134017944336, "tr_entropy": 1636.0653076171875, "_timestamp": 1680797922.0748065, "_runtime": 78134.45368552208, "_step": 242, "val_l_t": 0.252508282661438, "sdr_tt": 6.412727355957031, "val_entropy": 1636.0782470703125, "_wandb": {"runtime": 78148}}