{"l_g": 1.834517478942871, "l_d": 0.2515893876552582, "l_t": 0.2770750820636749, "l_f": 1.717336090223398e-05, "l_w": 23.442564010620117, "l_feat": 0.5654699802398682, "_timestamp": 1681313874.6116173, "_runtime": 78315.99138331413, "_step": 1145, "val_l_t": 0.263297438621521, "sdr_tt": 6.337985992431641, "_wandb": {"runtime": 78400}}