{"l_g": Infinity, "l_d": Infinity, "l_t": Infinity, "l_f": Infinity, "l_w": Infinity, "l_feat": Infinity, "tr_entropy": Infinity, "_timestamp": 1680717705.6738107, "_runtime": 57.395880699157715, "_step": 1, "val_l_t": 0.2455207258462906, "sdr_tt": 6.459775924682617, "val_entropy": 1636.0782470703125, "_wandb": {"runtime": 1228}}