{"l_g": 1.5163077116012573, "l_d": 0.3359867036342621, "l_t": 0.31240057945251465, "l_f": 2.7079880965175107e-05, "l_w": 28.64997100830078, "l_feat": 0.6422502994537354, "_timestamp": 1681317913.5282924, "_runtime": 2415.095560312271, "_step": 39, "val_l_t": 0.3325793743133545, "sdr_tt": 4.9664483070373535, "_wandb": {"runtime": 2468}}