{"l_g": 1.4590368270874023, "l_d": 1.6032837629318237, "l_t": 0.27874064445495605, "l_f": 8.905983122531325e-06, "l_w": 64.25176239013672, "l_feat": 0.3736080527305603, "tr_entropy": 1636.053466796875, "_timestamp": 1680797585.9711347, "_runtime": 75724.27088165283, "_step": 267, "val_l_t": 0.2734212875366211, "sdr_tt": 5.950284004211426, "val_entropy": 1636.0782470703125, "_wandb": {"runtime": 76087}}