{"l_g": 1.481278419494629, "l_d": 0.3508077561855316, "l_t": 0.2627467215061188, "l_f": 9.94599668047158e-06, "l_w": 104.06637573242188, "l_feat": 0.5032196640968323, "_timestamp": 1681233170.0303423, "_runtime": 2713.5000834465027, "_step": 38, "val_l_t": 0.2410973459482193, "sdr_tt": 6.724325656890869, "_wandb": {"runtime": 2718}}