{"l_g": 1.643004298210144, "l_d": 1.4017086029052734, "l_t": 0.34189945459365845, "l_f": 1.4071363693801686e-05, "l_w": 82.2293472290039, "l_feat": 0.45496073365211487, "tr_entropy": 1637.7286376953125, "_timestamp": 1680797894.9787683, "_runtime": 75890.8482234478, "_step": 273, "val_l_t": 0.33693742752075195, "sdr_tt": 3.7387402057647705, "val_entropy": 1636.0782470703125, "_wandb": {"runtime": 75971}}