{"l_g": Infinity, "l_d": Infinity, "l_t": Infinity, "l_f": Infinity, "l_w": Infinity, "l_feat": Infinity, "tr_entropy": Infinity, "_timestamp": 1680721775.5226803, "_runtime": 64.3183581829071, "_step": 1, "val_l_t": 0.2482660710811615, "sdr_tt": 6.455953121185303, "val_entropy": 1636.0782470703125, "_wandb": {"runtime": 109}}