{"l_g": 1.8868203163146973, "l_d": 0.12584799528121948, "l_t": 0.3414751887321472, "l_f": 3.533328708726913e-05, "l_w": 89.63455963134766, "l_feat": 0.6541014909744263, "_timestamp": 1681481135.6409278, "_runtime": 76090.18422079086, "_step": 1848, "val_l_t": 0.3336453437805176, "sdr_tt": 4.9092512130737305}