{"l_g": 4.007244110107422, "l_d": 0.4907762408256531, "l_t": 0.3962192237377167, "l_f": 2.1084742911625654e-05, "l_w": 51.32900619506836, "l_feat": 0.7701202034950256, "tr_entropy": 1636.0775146484375, "_timestamp": 1680929611.0112784, "_runtime": 36310.243052482605, "_step": 130, "val_l_t": 0.3724546432495117, "sdr_tt": 3.965094566345215, "val_entropy": 1636.0782470703125, "_wandb": {"runtime": 36355}}