{"l_g": 1.5249513387680054, "l_d": 0.4077511727809906, "l_t": 0.24032019078731537, "l_f": 7.733942766208202e-06, "l_w": 105.69385528564453, "l_feat": 0.46788811683654785, "_timestamp": 1681233365.3814867, "_runtime": 2072.9392635822296, "_step": 29, "val_l_t": 0.24836046993732452, "sdr_tt": 6.648632526397705, "_wandb": {"runtime": 2128}}