{"l_g": 1.6894159317016602, "l_d": 0.14339308440685272, "l_t": 0.3203250467777252, "l_f": 1.9252411220804788e-05, "l_w": 23.528955459594727, "l_feat": 0.5726195573806763, "_timestamp": 1681313972.2199395, "_runtime": 75241.46342158318, "_step": 1855, "val_l_t": 0.2760356664657593, "sdr_tt": 5.8784098625183105, "_wandb": {"runtime": 75241}}