{"l_g": 2.0024166107177734, "l_d": 1.1031721830368042, "l_t": 0.4715089797973633, "l_f": 2.2248006644076668e-05, "l_w": 46.04078674316406, "l_feat": 0.6135512590408325, "tr_entropy": 1636.0638427734375, "_timestamp": 1681227184.2870514, "_runtime": 77564.07696652412, "_step": 81, "val_l_t": 0.3343890905380249, "sdr_tt": 4.5655388832092285, "val_entropy": 1636.0782470703125, "_wandb": {"runtime": 77937}}